{
  "$schema": "https://biomejs.dev/schemas/1.8.2/schema.json",
  "files": {
    "ignore": [
      "static/assets/-dy/**",
      "static/assets/-uv/**",
      "static/assets/json/*.min.json",
      "Masqr.js",
      "node_modules/**",
      "package-lock.json",
      "package.json",
      "*.md",
      "bun.lockb",
      "Failed.html"
    ]
  },
  "organizeImports": {
    "enabled": true
  },
  "linter": {
    "enabled": true,
    "rules": {
      "recommended": true
    }
  },
  "formatter": {
    "indentStyle": "space",
    "indentWidth": 2,
    "lineEnding": "lf",
    "lineWidth": 85,
    "attributePosition": "auto"
  },
  "javascript": {
    "formatter": {
      "enabled": true,
      "arrowParentheses": "asNeeded",
      "bracketSameLine": true,
      "bracketSpacing": true
    }
  },
  "css": {
    "formatter": {
      "enabled": true,
      "indentWidth": 3
    },
    "linter": {
      "enabled": true
    }
  }
}
